{"m_scale":{"x":0.009999999776482582,"y":0.009999999776482582},"m_precision":5,"m_closed":true,"m_shape":{"instanceID":18372},"m_featurePoints":[{"x":-4.71211576461792,"y":0.0,"z":1.6721140146255494},{"x":-4.106975078582764,"y":0.0,"z":2.8517990112304689}]}