{"m_scale":{"x":0.009999999776482582,"y":0.009999999776482582},"m_precision":5,"m_closed":true,"m_shape":{"instanceID":17078},"m_featurePoints":[{"x":-2.1275265216827394,"y":0.0,"z":-4.524779796600342},{"x":-4.433314323425293,"y":0.0,"z":-2.312082290649414},{"x":-4.94047737121582,"y":0.0,"z":0.7692090272903442},{"x":-3.8204872608184816,"y":0.0,"z":3.225503921508789}]}