{"m_scale":{"x":0.009999999776482582,"y":0.009999999776482582},"m_precision":5,"m_closed":true,"m_shapeIndex":1,"m_materialIndex":0,"m_featurePoints":[{"x":1.342157006263733,"y":0.0,"z":4.916493892669678},{"x":4.121382236480713,"y":0.0,"z":2.9309372901916506},{"x":4.772377014160156,"y":0.0,"z":1.5914478302001954}],"m_dbKey":"","m_updateToCloud":false}