{"m_scale":{"x":0.009999999776482582,"y":0.009999999776482582},"m_precision":5,"m_closed":true,"m_shapeIndex":4,"m_materialIndex":2,"m_featurePoints":[{"x":-0.042921315878629687,"y":0.0,"z":-0.8990784287452698},{"x":-0.6714775562286377,"y":0.0,"z":-0.6410248875617981},{"x":-0.9904109835624695,"y":0.0,"z":-0.03815228492021561},{"x":-0.9177030324935913,"y":0.0,"z":0.49726706743240359}],"m_dbKey":"","m_updateToCloud":false}